-- phpMyAdmin SQL Dump
-- version 5.1.0
-- https://www.phpmyadmin.net/
--
-- Host: 127.0.0.1
-- Generation Time: Jan 08, 2022 at 06:22 AM
-- Server version: 10.4.19-MariaDB
-- PHP Version: 7.4.19

SET SQL_MODE = "NO_AUTO_VALUE_ON_ZERO";
START TRANSACTION;
SET time_zone = "+00:00";


/*!40101 SET @OLD_CHARACTER_SET_CLIENT=@@CHARACTER_SET_CLIENT */;
/*!40101 SET @OLD_CHARACTER_SET_RESULTS=@@CHARACTER_SET_RESULTS */;
/*!40101 SET @OLD_COLLATION_CONNECTION=@@COLLATION_CONNECTION */;
/*!40101 SET NAMES utf8mb4 */;

--
-- Database: `project_cc`
--

-- --------------------------------------------------------

--
-- Table structure for table `customers`
--

CREATE TABLE `customers` (
  `id` int(50) NOT NULL,
  `customername` varchar(200) CHARACTER SET utf8 DEFAULT NULL,
  `password` varchar(50) CHARACTER SET utf8 NOT NULL,
  `first_name` varchar(200) CHARACTER SET utf8 DEFAULT NULL,
  `last_name` varchar(200) CHARACTER SET utf8 DEFAULT NULL,
  `phone` int(11) DEFAULT NULL,
  `address` varchar(200) CHARACTER SET utf8 DEFAULT NULL,
  `email` varchar(200) NOT NULL,
  `avatar` varchar(200) DEFAULT NULL,
  `jobs` varchar(200) DEFAULT NULL,
  `last_login` timestamp NULL DEFAULT NULL,
  `facebook` varchar(200) DEFAULT NULL,
  `status` varchar(200) DEFAULT NULL,
  `created_at` timestamp NULL DEFAULT NULL,
  `update_at` timestamp NULL DEFAULT NULL
) ENGINE=InnoDB DEFAULT CHARSET=utf8mb4 COMMENT='id cua khach hang';

--
-- Dumping data for table `customers`
--

INSERT INTO `customers` (`id`, `customername`, `password`, `first_name`, `last_name`, `phone`, `address`, `email`, `avatar`, `jobs`, `last_login`, `facebook`, `status`, `created_at`, `update_at`) VALUES
(1, 'truongdu0212@gmail.com', '9e141c60b24bd8ccd16d8a0eaddb04f5', NULL, NULL, NULL, NULL, '', NULL, NULL, NULL, NULL, '1', NULL, NULL);

-- --------------------------------------------------------

--
-- Table structure for table `news`
--

CREATE TABLE `news` (
  `id` int(11) NOT NULL,
  `title` varchar(100) NOT NULL COMMENT 'Tiêu đề tin tức',
  `summary` varchar(1000) DEFAULT NULL COMMENT 'Mô tả ngắn cho tin tức',
  `content` mediumtext DEFAULT NULL,
  `avatar` varchar(1000) DEFAULT NULL COMMENT 'Tên file ảnh tin tức',
  `categoryid` int(11) DEFAULT NULL,
  `subcategoryid` int(11) DEFAULT NULL,
  `status` int(11) NOT NULL,
  `seo_title` varchar(100) DEFAULT NULL COMMENT 'Từ khóa seo cho title',
  `seo_description` varchar(100) DEFAULT NULL COMMENT 'Từ khóa seo cho phần mô tả',
  `seo_keywords` varchar(100) DEFAULT NULL COMMENT 'Các từ khóa seo',
  `created_at` timestamp NOT NULL DEFAULT current_timestamp() COMMENT 'Ngày tạo',
  `updated_at` datetime DEFAULT NULL COMMENT 'Ngày cập nhật cuối'
) ENGINE=InnoDB DEFAULT CHARSET=utf8;

--
-- Dumping data for table `news`
--

INSERT INTO `news` (`id`, `title`, `summary`, `content`, `avatar`, `categoryid`, `subcategoryid`, `status`, `seo_title`, `seo_description`, `seo_keywords`, `created_at`, `updated_at`) VALUES
(1, 'Các loại tivi phổ biến hiện nay - Đặc điểm chi tiết của từng loại!', 'Trên thị trường hiện này có nhiều loại tivi từ dòng tivi thông minh cao cấp đến những tivi cơ bản. Mời bạn xem qua bài viết dưới đây để cùng điểm qua một số loại tivi phổ biến hiện nay nhé.', 'Tivi LED là loại tivi màn hình phẳng sử dụng đèn chiếu sáng là đèn LED thay cho đèn huỳnh quang như trước đây. Tivi LED có ưu điểm là tiết kiệm điện, tuổi thọ cao và hiển thị hình ảnh đẹp hơn so với tivi dùng đèn huỳnh quang.Tivi LED thường sẽ chỉ có các tính năng cơ bản như xem truyền hình (bao gồm các kênh thường thu được bằng ăng-ten và các kênh thu được bởi đầu thu kỹ thuật số DVB-T2).\r\n\r\nThêm nữa trên tivi sẽ có những cổng kết nối cơ bản như cổng USB, cổng HDMI để kết nối với máy tính, đầu thu kỹ thuật số, cổng AV để kết nối tivi với dàn âm thanh, đầu đĩa, cổng Audio Out, Digital Audio Out (Optical) để kết nối tivi với dàn âm thanh,…\r\n<img src=\"../backend/assets/images/mot-so-loai-tivi-pho-bien-hien-nay-001-1.jpg\" alt=\"\" style=\"margin-top: 10px; margin-bottom: 10px\">\r\n                    <p>Tivi LED chấm lượng tử Tivi LED chấm lượng tử là một loại tivi vẫn sử dụng đèn nền LED thường nhưng trang bị thêm một lớp chấm lượng tử hay còn gọi là <b>Quantum Dot</b>.</p>\r\n                 ', 'mot-so-loai-tivi-pho-bien-hien-nay-001.jpg', 3, NULL, 1, NULL, NULL, NULL, '2021-04-21 10:16:44', NULL),
(2, 'TCL Việt Nam ra mắt TV Mini-LED mới nhất 2021 và các sản phẩm AixIoT', 'Ngày 26/3 vừa qua, TCL Việt Nam, một trong những công ty điện tử tiêu dùng hàng đầuNgày 26/3 vừa qua, TCL Việt Nam, một trong những công ty điện tử tiêu dùng hàng đầu phối hợp cùng Mạng xã hội Tinh tế, giới thiệu đến người dùng thế hệ TV Mini-LED, AI QLED và TV Android 4K HDR mới nhất 2021, cùng điều hòa thông minh và thiết bị gia dụng khác theo chiến lược AIxIoT hướng tới tương lai.', '<b class=\"margin-top-bottom-10\">TV Mini-LED, QLED và 4K HDR cao cấp mới nhất 2021</b>\r\n                    <p>4 mẫu TV mới nổi bật nhất năm 2021 gồm TV C825 Mini-LED thế hệ tiếp theo, QLED AI TV C728, C725 và TV Android 4K HDR P725. Sự kiện ra mắt được thực hiện trên nền tảng trực tuyến với trải nghiệm và chia sẻ thực tế từ anh Trần Mạnh Hiệp.</p>\r\n                    <p>Ngoài ra, TCL cũng lên dự định cập nhật Google TV vào nửa cuối năm 2021. TCL Google TV tập hợp các bộ phim, chương trình, truyền hình trực tiếp,… từ tất cả các ứng dụng và thuê bao, và sắp xếp chúng cho từng người dùng.</p>\r\n                    <b class=\"margin-top-bottom-10\">TCL 4K Mini-LED C825 TV</b>\r\n                    <p>Tivi TCL Mini-LED 4K luôn đảm bảo người dùng tận hưởng trải nghiệm xem vượt trội, cho dù họ đang xem thể thao, phim hoặc chương trình truyền hình, chơi game hay kết nối với bạn bè và gia đình. C825 sử dụng chế độ đèn nền chiếu thẳng giúp giảm đáng kể kích thước hạt của đèn LED truyền thống.</p>\r\n\r\nC825 cũng có công nghệ hình ảnh Dolby Vision HDR, cho ra hình ảnh cực kỳ sống động, cùng với Dolby Vision IQ. Dolby Vision IQ tận dụng toàn bộ trí thông minh của C825 để mang đến hình ảnh đáng kinh ngạc cho căn phòng của bạn bằng cách tự động điều chỉnh theo sự thay đổi ánh sáng phòng và các loại nội dung được phát lại để tối đa hóa khả năng của TV.\r\n\r\nĐể có hình ảnh chuyển động và chơi game video chất lượng tốt nhất, C825 sử dụng MEMC 120Hz và màn hình phản chiếu thấp. C825 được trang bị hệ thống âm thanh hàng đầu trong ngành, có phần cứng từ soundbar Onkyo được chứng nhận IMAX Enhanced, với sự hỗ trợ từ Dolby Atmos® cho trải nghiệm âm thanh rạp chiếu. C825 giúp việc tương tác với những người chơi game, bạn bè và gia đình trở nên dễ dàng, với Magic camera từ tính mang đến những tương tác âm thanh và hình ảnh tuyệt vời cho trải nghiệm cuộc gọi video vượt trội, chẳng hạn như Google Duo.', 'photo-1-1616814274997510820367.jpg', 2, NULL, 1, NULL, NULL, NULL, '2021-04-21 10:35:09', NULL),
(3, 'Mẹo làm sạch màn hình TV đơn giản và an toàn, mà vẫn giữ cho hình ảnh luôn rõ nét', 'Làm sạch TV không khó - tất cả những gì bạn cần là loại vải lau phù hợp.\r\n\r\n', 'Làm sạch TV không khó - tất cả những gì bạn cần là loại vải lau phù hợp.\r\nCác dòng TV khác nhau có thể nhạy cảm ở các khu vực khác nhau, do đó, phương pháp tốt nhất để làm sạch màn hình TV cũng có thể khác nhau tùy thuộc vào loại TV trong gia đình bạn.\r\n\r\nCác TV độ nét cao như OLED và LCD có xu hướng màn hình cực kỳ nhạy cảm và có thể dễ trầy xước, vì vậy cần phải hết sức cẩn thận khi làm sạch chúng.\r\n\r\nNhưng nhìn chung, có một phương pháp chung đơn giản để làm sạch bất kỳ màn hình TV nào.\r\n\r\nCách làm sạch màn hình TV\r\n\r\nTrước hết, hãy nhớ luôn nhẹ nhàng. Màn hình TV rất nhạy cảm và nếu không cẩn thận, bạn có thể làm hỏng hoặc thậm chí làm đổ TV. Không ai muốn mang lại những rắc rối lớn chỉ vì muốn lau chùi một chút bụi bặm.\r\n\r\nNhớ tắt TV trước khi làm sạch nó. Tắt TV giúp giảm nguy cơ hư hỏng điện và màn hình tối của TV giúp bạn dễ dàng nhìn thấy bụi, bẩn, tóc và cặn bẩn.\r\n\r\nHãy sử dụng một miếng vải mềm và khô. Vải sợi nhỏ là một sự lựa chọn tuyệt vời. Các loại vải sợi nhỏ có thể dễ ', 'photo1615453624797-16154536249401290089398.jpg', 5, NULL, 1, NULL, NULL, NULL, '2021-04-21 10:35:09', NULL),
(4, 'Lý do TV Sony BRAVIA chinh phục được những nhà làm phim chuyên nghiệp', 'Tái tạo được những sắc thái tinh tế của màu sắc, ánh sáng và hiệu ứng chuyển tông màu theo đúng ý đồ', '<p>C&oacute; thể n&oacute;i, Sony l&agrave; một trong những thương hiệu g&oacute;p mặt trọn vẹn ở mọi quy tr&igrave;nh sản xuất phim điện ảnh. Những thước phim được bấm m&aacute;y với m&aacute;y ghi h&igrave;nh Sony, xử l&yacute; hậu kỳ với ứng dụng Sony Vega Pro sử dụng m&agrave;n h&igrave;nh tham chiếu Sony OLED monitor, thực hiện bởi Sony Picture v&agrave; ph&acirc;n phối đến người d&ugrave;ng tr&ecirc;n những chiếc BRAVIA. L&yacute; do TV Sony BRAVIA chinh phục được những nh&agrave; l&agrave;m phim chuy&ecirc;n nghiệp - Ảnh 1. C&ocirc;ng nghệ tối t&acirc;n gi&uacute;p TV BRAVIA đảm bảo s&aacute;ng tạo nguy&ecirc;n bản của c&aacute;c nh&agrave; l&agrave;m phim được t&aacute;i hiện một c&aacute;ch chuẩn x&aacute;c từ h&igrave;nh ảnh đến &acirc;m thanh (Sony X9500H &amp; Loa HT-G700). Kh&ocirc;ng chỉ l&agrave; sự đồng nhất giữa c&aacute;c kh&acirc;u, Sony c&ograve;n am hiểu c&aacute;ch để tạo ra những khung h&igrave;nh gần với nguy&ecirc;n bản bậc nhất, truyền tải h&igrave;nh ảnh, &acirc;m thanh theo đ&uacute;ng &yacute; đồ của đạo diễn đến với kh&aacute;n giả. Cũng bởi vậy m&agrave; d&ograve;ng TV BRAVIA đ&atilde; chinh phục được những nh&agrave; l&agrave;m phim chuy&ecirc;n nghiệp, vốn lu&ocirc;n được đ&aacute;nh gi&aacute; c&oacute; những đ&ocirc;i tai, đ&ocirc;i mắt kh&oacute; t&iacute;nh. T&ocirc;n trọng sự trung thực Khi tạo ra TV BRAVIA, mục ti&ecirc;u của c&aacute;c kỹ sư tại S</p>\r\n', 'photo-1-16124169820151481479067.jpg', 6, 8, 1, '', '', '', '2021-04-21 11:04:35', '2022-01-06 17:52:29'),
(5, 'CES 2021: TCL trình làng hàng loạt các sản phẩm đa dạng hóa mới nhất: TV, Audio, thiết bị di động và', 'TCL tiếp tục đổi mới và mang đến cho người tiêu dùng các thiết bị gia dụng thông minh được kết nối v', '<p>TCL Electronics - một trong những thương hiệu nổi tiếng trong ng&agrave;nh c&ocirc;ng nghiệp TV to&agrave;n cầu v&agrave; l&agrave; c&ocirc;ng ty điện tử ti&ecirc;u d&ugrave;ng h&agrave;ng đầu với sứ mệnh l&agrave;m cho cuộc sống th&ocirc;ng minh hơn th&ocirc;ng qua c&ocirc;ng nghệ ti&ecirc;n tiến, đ&atilde; giới thiệu đến CES 2021 năm nay TCL Mini-LED, QLED v&agrave; 4K HDR TV, &acirc;m thanh v&agrave; thiết bị gia dụng mới nhất của m&igrave;nh, được cung cấp dựa tr&ecirc;n chiến lược AIxIoT hướng tới tương lai. CES 2021: TCL tr&igrave;nh l&agrave;ng h&agrave;ng loạt c&aacute;c sản phẩm đa dạng h&oacute;a mới nhất: TV, Audio, thiết bị di động v&agrave; gia dụng th&ocirc;ng minh - Ảnh 1. Truy cập https://www.tcl.com/ces2021.html để t&igrave;m hiểu th&ecirc;m về TCL tại CES2021. Premium Mini-LED, QLED v&agrave; TV 4K HDR Năm nay, TCL sẽ giới thiệu ba chiếc TV nổi bật l&agrave; Mini-LED, QLED v&agrave; 4K HDR, vượt xa hiệu suất h&igrave;nh ảnh th&ocirc;ng thường v&agrave; cung cấp một loạt c&aacute;c t&iacute;nh năng với phong c&aacute;ch sống to&agrave;n diện cho c&aacute;c thế hệ mới. Những người tham dự CES th&ocirc;ng qua giải ph&aacute;p số năm nay đ&atilde; được giới thiệu d&ograve;ng TV mới: TCL 4K Mini-LED C825, TCL 4K QLED TV C725, TV TCL 4K HDR P725 &ndash; nhữ</p>\r\n', '1610593132868-38-0-931-1430-crop-1610593137968-63746223608659.jpg', 5, 6, 1, '', '', '', '2021-04-21 11:04:35', '2022-01-06 17:52:00'),
(6, 'LG công bố TV sử dụng công nghệ QNED, sở hữu dàn đèn LED tiên tiến lên tới 30.000 chiếc', 'Công nghệ mới của LG yêu cầu người mua cẩn thận hơn khi đi mua TV, tránh trường hợp nhầm lẫn sang QL', 'Nhắc tới tên LG khi nói chuyện về TV, ta dễ dàng tưởng tới OLED, nhưng ngay trước khi năm 2020, LG đã làm chúng ta ngạc nhiên với một công nghệ màn hình mới. Giống với những gì các nhà sản xuất khác (như TCL đã đang và Samsung sắp thực hiện), LG chuẩn bị ứng dụng công nghệ Mini LED cho dòng TV chất lượng cao của mình, là các thiết bị màn 4K và LCD 8K sẽ ra mắt trong năm tới.\r\n\r\nLG nói rằng công nghệ Mini LED cho phép họ “có bước nhảy vọt về chất lượng hình ảnh trên các màn LCD”. TV sử dụng màn LCD tiên tiến nhất thị trường sử dụng “công nghệ làm tối cục bộ toàn chuỗi”, với một dãy các đèn nền LED cung cấp ánh sáng tạo thành hình ảnh. \r\n\r\nLG công bố TV sử dụng công nghệ QNED, sở hữu dàn đèn LED tiên tiến lên tới 30.000 chiếc - Ảnh 1.\r\n\r\nĐúng với cái tên của nó, đèn Mini LED lại là những đèn LED nhỏ hơn (nhưng sẽ nhiều đèn trên mỗi đơn vị diện tích hơn,) tạo nên độ tương phản tốt cho màn hình khi việc kiểm soát ánh sáng cục bộ chi tiết hơn trước.\r\n\r\nLG nói hệ thống đèn nền mới của họ “có', 'lg-ra-mat-dong-tivi-qned-7.jpg', 3, NULL, 1, NULL, NULL, NULL, '2021-04-21 11:04:35', NULL),
(7, 'Hà Anh Tuấn kỷ niệm 15 năm ca hát', 'Ca sĩ Hà Anh Tuấn livestream thể hiện ca khúc mới \"Ta vẫn đợi em nơi hẹn cũ\", \"Ngỡ như\" dịp kỷ niệm 15 năm ca hát.', '<div onclick=\"Video.playVideo(345094)\" id=\"video_parent_345094\" class=\"box_embed_video_parent embed_video_new\" data-vcate=\"1003834\" data-vscate=\"1003007\" data-vscaten=\"Giải trí\" data-vid=\"345094\" data-ratio=\"1\" data-articleoriginal=\"4409978\" data-ads=\"1\" data-license=\"0\" data-duration=\"190\" data-brandsafe=\"0\" data-type=\"0\" data-play=\"0\" data-frame=\"\" data-aot=\"\" data-videoclassify=\"None\">\r\n<div data-vid=\"345094\" class=\"box_img_video embed-container\">\r\n<img src=\"https://iv1.vnecdn.net/giaitri/images/web/2021/12/30/ha-anh-tuan-ky-niem-15-nam-ca-hat-1640831442.jpg?w=750&h=450&q=100&dpr=1&fit=crop&s=NPWi-cbOjeLlztOeEWMs6Q\" alt=\"Hà Anh Tuấn kỷ niệm 15 năm ca hát\">\r\n<div class=\"icon_blockvideo\">\r\n<div class=\"img_icon\">&nbsp;</div>\r\n<div class=\"image_icon_center\">&nbsp;</div>\r\n</div></div>\r\n<div id=\"embed_video_345094\" class=\"box_embed_video\" style=\"display:none;\">\r\n<div class=\"bg_overlay_small_unpin\"></div>\r\n<div class=\"bg_overlay_small\"></div>\r\n<div class=\"embed-container\">\r\n<div id=\"video-345094\">\r\n<div id=\"parser_player_345094\" class=\"media_content\" style=\"display:none;\">\r\n<div id=\"videoContainter_345094\" class=\"videoContainter\" style=\"width: 100%; height: 100%;\">\r\n<video id=\"media-video-345094\" preload=\"auto\" playsinline webkit-playsinline src=\"https://d1.vnecdn.net/giaitri/video/video/web/mp4/,240p,,/2021/12/30/ha-anh-tuan-ky-niem-15-nam-ca-hat-1640831442/vne/master.m3u8\" type=\"application/x-mpegURL\" controls style=\"width: 100%; height: 100%;\" data-mode=\"240|360\" max-mode=\"360\" data-subtitle=\"0\" active-mode=\"360\" ads=\'\' adsconfig=\'{\"adlist\":[{\"type\":\"preroll\",\"tag\":\"https:\\/\\/pubads.g.doubleclick.net\\/gampad\\/ads?iu=\\/27973503\\/Vnexpress\\/Desktop\\/Instream.preroll\\/Giaitri\\/Giaitri.detail&description_url=http%3A%2F%2Fvnexpress.net&tfcd=0&npa=0&sz=640x360&gdfp_req=1&output=vast&unviewed_position_start=1&env=vp&impl=s&correlator=\",\"skipOffset\":\"00:00:06\",\"duration\":\"00:00:30\"},{\"type\":\"overlay\",\"tag\":\"\",\"script\":\"%3Cdiv%20id%3D%22div-gpt-ad-overlay%22%3E%3Cdiv%20style%3D%22height%3A70px%3Bwidth%3A480px%3B%22%3E%3C%2Fdiv%3E%3C%2Fdiv%3E%3Cscript%3Evar%20gR%3D%210%2CsR%3D%22div-overlay-0%22%2BMath.round%281E6%2AMath.random%28%29%29%2CeL%3Ddocument.getElementById%28%22div-gpt-ad-overlay%22%29%3Bif%28eL%29%7BeL.firstChild.id%3DsR%3Bif%28%21window.googletag%7C%7C%21googletag.apiReady%29%7BgR%3D%211%3Bvar%20googletag%3Dwindow.googletag%7C%7C%7Bcmd%3A%5B%5D%7D%2Csb%3Ddocument.getElementsByTagName%28%22script%22%29%5B0%5D%2Csa%3Ddocument.createElement%28%22script%22%29%3Bsa.setAttribute%28%22type%22%2C%22text%2Fjavascript%22%29%3Bsa.setAttribute%28%22src%22%2C%22https%3A%2F%2Fwww.googletagservices.com%2Ftag%2Fjs%2Fgpt.js%22%29%3Bsa.setAttribute%28%22async%22%2C%22true%22%29%3Bsb.parentNode.appendChild%28sa%29%7Dtry%7Bgoogletag.cmd.push%28function%28%29%7Bvar%20a%3Dgoogletag.defineSlot%28%22%2F27973503%2FVnexpress%2FDesktop%2FOverlay%2FGiaitri%2FGiaitri.detail%22%2C%5B%22fluid%22%2C%20%5B480%2C%2070%5D%5D%2CsR%29%3Ba%26%26%28a.addService%28googletag.pubads%28%29%29%2CgR%3Fgoogletag.pubads%28%29.refresh%28%5Ba%5D%29%3A%28googletag.pubads%28%29.enableSingleRequest%28%29%2Cgoogletag.enableServices%28%29%2Cgoogletag.pubads%28%29.refresh%28%5Ba%5D%29%29%29%7D%29%7Dcatch%28a%29%7B%7D%7D%3B%3C%2Fscript%3E\",\"size\":\"480x70\",\"offset\":\"30%\",\"skipOffset\":\"00:00:01\",\"duration\":\"00:00:15\"}]}\' data-ex=\"st=0&bs=0&pt=0\"></video>\r\n</div>\r\n</div>\r\n<!--[if IE]>\r\n                                    <div id=\"flash_player_345094\" class=\"flash_content\" style=\"display:none;\">\r\n                                        <object width=\"100%\" height=\"100%\" classid=\"clsid:D27CDB6E-AE6D-11cf-96B8-444553540000\" id=\"videoplayer_345094\" codebase=\"https://fpdownload2.macromedia.com/get/shockwave/cabs/flash/swflash.cab#version=9,0,0,0\">\r\n                                            <param name=\"movie\" value=\"https://s.vnecdn.net/video/flash/vneplayer.swf\">\r\n                                            <param name=\"allowScriptAccess\" value=\"always\" />\r\n                                            <param name=\"quality\" value=\"high\">\r\n                                            <param name=\"bgcolor\" value=\"#000000\">\r\n                                            <param name=\"wmode\" value=\"transparent\">\r\n                                            <param name=\"flashvars\" value=\"xmlPath=&mAuto=true&asseturl=https://s.vnecdn.net/video/flash/assetv3.swf&dynamicview=false&sharemode=false&autoHide=false&tracktype=video&typeview=1&playerid=videoplayer&trackurl=https://d1.vnecdn.net/giaitri/video/video/web/mp4/,240p,,/2021/12/30/ha-anh-tuan-ky-niem-15-nam-ca-hat-1640831442/vne/master.m3u8&thumburl=&tracklink=&adszoneid=&adsTag=&activemode=360&tracktitle=Hà Anh Tuấn kỷ niệm 15 năm ca hát\">\r\n                                            <param name=\"allowfullscreen\" value=\"true\">\r\n                                            <embed bgcolor=\"#000000\" width=\"100%\" height=\"100%\" name=\"videoplayer_345094\" flashvars=\"xmlPath=&mAuto=true&asseturl=https://s.vnecdn.net/video/flash/assetv3.swf&dynamicview=false&sharemode=false&autoHide=false&tracktype=video&typeview=1&playerid=videoplayer&trackurl=https://d1.vnecdn.net/giaitri/video/video/web/mp4/,240p,,/2021/12/30/ha-anh-tuan-ky-niem-15-nam-ca-hat-1640831442/vne/master.m3u8&thumburl=&tracklink=&adszoneid=&adsTag=&activemode=360&tracktitle=Hà Anh Tuấn kỷ niệm 15 năm ca hát\" type=\"application/x-shockwave-flash\" allowfullscreen=\"true\" allowscriptaccess=\"always\" wmode=\"transparent\" pluginspage=\"https://get.adobe.com/flashplayer/\" src=\"https://s.vnecdn.net/video/flash/vneplayer.swf\">\r\n                                        </object>\r\n                                    </div>\r\n                                    <![endif]-->\r\n</div>\r\n<div class=\"parser_title\" style=\"display:none;\">Hà Anh Tuấn kỷ niệm 15 năm ca hát</div>\r\n</div>\r\n</div>\r\n</div>\r\n<!--end video embed-->\r\n<figcaption class=\"desc_cation\"><div class=\"inner_caption\">\r\n<p class=\"Image\">Hà Anh Tuấn hát \"Ngỡ như\" (Đức Trí). Video: <em>Facebook Hà Anh Tuấn.</em></p>\r\n</div></figcaption></figure></div><p class=\"Normal\">Tối 29/12, <a href=\"https://vnexpress.net/chu-de/ha-anh-tuan-2650\" rel=\"dofollow\">Hà Anh Tuấn</a> làm show online từ Đà Lạt, nơi anh từng thực hiện các dự án âm nhạc như: <em>Sing See Share, </em>liveshow<em> Veston... </em>Trong gần hai giờ, ca sĩ hát mộc các nhạc phẩm cũ và mới với tiếng đàn guitar của Dũng Đà Lạt. Ca sĩ nói: \"Tôi không dám nhìn lại chặng đường mình đi qua đạt được những gì cũng chưa đủ lạc quan để nói 15 năm tới làm được gì. Tôi chỉ tin chắc một điều hiện tại tôi có âm nhạc và khán giả\".<br><br>\r\nAnh vừa hát vừa giao lưu với fan qua lối dẫn chuyện quen thuộc, nói về cảm xúc qua từng ca khúc. Khi thể hiện sáng tác mới <em>Ngỡ như </em>của Đức Trí, Hà Anh Tuấn nói anh thích câu: \"Là em đấy của ngày đang vui, sao khi không bỗng thành vợ rồi\". Với anh, có những điều trong cuộc sống xảy ra trong tích tắc và khi ta quay đầu lại phải thốt lên hai từ \"ngỡ như\".</p><div style=\"text-align:center\">\r\n<figure class=\"item_slide_show clearfix\">\r\n<!--start video embed-->\r\n<div onclick=\"Video.playVideo(345103)\" id=\"video_parent_345103\" class=\"box_embed_video_parent embed_video_new\" data-vcate=\"1003834\" data-vscate=\"1003007\" data-vscaten=\"Giải trí\" data-vid=\"345103\" data-ratio=\"1\" data-articleoriginal=\"4409978\" data-ads=\"1\" data-license=\"0\" data-duration=\"160\" data-brandsafe=\"0\" data-type=\"0\" data-play=\"0\" data-frame=\"\" data-aot=\"\" data-videoclassify=\"None\">\r\n<div data-vid=\"345103\" class=\"box_img_video embed-container\">\r\n<img src=\"https://iv1.vnecdn.net/giaitri/images/web/2021/12/30/ha-anh-tuan-ky-niem-15-nam-ca-hat-1640834842.jpg?w=750&h=450&q=100&dpr=1&fit=crop&s=PlsTgGkPe0tcAD-dvuzy9w\" alt=\"Hà Anh Tuấn kỷ niệm 15 năm ca hát\">\r\n<div class=\"icon_blockvideo\">\r\n<div class=\"img_icon\">&nbsp;</div>\r\n<div class=\"image_icon_center\">&nbsp;</div>\r\n</div></div>\r\n<div id=\"embed_video_345103\" class=\"box_embed_video\" style=\"display:none;\">\r\n<div class=\"bg_overlay_small_unpin\"></div>\r\n<div class=\"bg_overlay_small\"></div>\r\n<div class=\"embed-container\">\r\n<div id=\"video-345103\">\r\n<div id=\"parser_player_345103\" class=\"media_content\" style=\"display:none;\">\r\n<div id=\"videoContainter_345103\" class=\"videoContainter\" style=\"width: 100%; height: 100%;\">\r\n<video id=\"media-video-345103\" preload=\"auto\" playsinline webkit-playsinline src=\"https://d1.vnecdn.net/giaitri/video/video/web/mp4/,240p,,/2021/12/30/ha-anh-tuan-ky-niem-15-nam-ca-hat-1640834842/vne/master.m3u8\" type=\"application/x-mpegURL\" controls style=\"width: 100%; height: 100%;\" data-mode=\"240|360\" max-mode=\"360\" data-subtitle=\"0\" active-mode=\"360\" ads=\'\' adsconfig=\'{\"adlist\":[{\"type\":\"preroll\",\"tag\":\"https:\\/\\/pubads.g.doubleclick.net\\/gampad\\/ads?iu=\\/27973503\\/Vnexpress\\/Desktop\\/Instream.preroll\\/Giaitri\\/Giaitri.detail&description_url=http%3A%2F%2Fvnexpress.net&tfcd=0&npa=0&sz=640x360&gdfp_req=1&output=vast&unviewed_position_start=1&env=vp&impl=s&correlator=\",\"skipOffset\":\"00:00:06\",\"duration\":\"00:00:30\"},{\"type\":\"overlay\",\"tag\":\"\",\"script\":\"%3Cdiv%20id%3D%22div-gpt-ad-overlay%22%3E%3Cdiv%20style%3D%22height%3A70px%3Bwidth%3A480px%3B%22%3E%3C%2Fdiv%3E%3C%2Fdiv%3E%3Cscript%3Evar%20gR%3D%210%2CsR%3D%22div-overlay-0%22%2BMath.round%281E6%2AMath.random%28%29%29%2CeL%3Ddocument.getElementById%28%22div-gpt-ad-overlay%22%29%3Bif%28eL%29%7BeL.firstChild.id%3DsR%3Bif%28%21window.googletag%7C%7C%21googletag.apiReady%29%7BgR%3D%211%3Bvar%20googletag%3Dwindow.googletag%7C%7C%7Bcmd%3A%5B%5D%7D%2Csb%3Ddocument.getElementsByTagName%28%22script%22%29%5B0%5D%2Csa%3Ddocument.createElement%28%22script%22%29%3Bsa.setAttribute%28%22type%22%2C%22text%2Fjavascript%22%29%3Bsa.setAttribute%28%22src%22%2C%22https%3A%2F%2Fwww.googletagservices.com%2Ftag%2Fjs%2Fgpt.js%22%29%3Bsa.setAttribute%28%22async%22%2C%22true%22%29%3Bsb.parentNode.appendChild%28sa%29%7Dtry%7Bgoogletag.cmd.push%28function%28%29%7Bvar%20a%3Dgoogletag.defineSlot%28%22%2F27973503%2FVnexpress%2FDesktop%2FOverlay%2FGiaitri%2FGiaitri.detail%22%2C%5B%22fluid%22%2C%20%5B480%2C%2070%5D%5D%2CsR%29', 'mot-so-loai-tivi-pho-bien-hien-nay-001.jpg', 5, 3, 1, NULL, NULL, NULL, '2021-12-31 10:16:44', NULL),
(8, 'Bùi Công Nam kết hợp cùng GDucky trong MV mới', 'MV \"Hành khúc vùng fresship\" phổ lại lời từ bản hit \"Vùng ký ức\" của Chillies đánh dấu lần đầu tiên nhạc sĩ Bùi Công Nam kết hợp với rapper GDucky.', '<p class=\"Normal\">Nội dung bài hát lột tả nỗi lòng của Bùi Công Nam trong thời gian ở nhà tránh dịch: \"Trong chỉ thị, ta ở nhà quên hết mùi vị. Xem qua hình chẳng biết làm gì. Ôi bún bò, gà rán... please\". Vốn không giỏi nấu ăn, trong thời gian này, anh gặp nhiều khó khăn để duy trì nhịp sống hàng ngày. Vì vậy, nhạc sĩ trẻ rất vui khi các thành phố bước qua giai đoạn bình thường mới, các quán ăn được mở cửa trở lại, shipper có thể hoạt động, phục vụ nhu cầu \"ăn vặt\" cho người trẻ.</p><p class=\"Normal\">Bùi Công Nam cũng tận dụng chất liệu sáng tác từ thực tế, trong đó, \"vùng freeship\" là tên chương trình hỗ trợ chi phí cho người dùng và \"tiếp lửa\" cho các nhà hàng, quán ăn của Gojek. Anh mong những câu hát đơn giản, gần gũi sẽ trở thành niềm cảm hứng cho nhiều khách hàng đặt đồ ăn trực tuyến, để các quán ăn có hoạt động thuận lợi hơn trong giai đoạn khó khăn này. \"Sau chỉ thị, ta bỏ lại ngày tháng thèm thuồng, nhanh tay đặt bao món mình cuồng. Gojek mở freeship nhiều nơi\", anh viết trong bài hát.</p><p class=\"Normal\">Ngoài viết lại lời cho bài hát, nhạc sĩ 9x này còn lần đầu được trải nghiệm cảm giác \"giả nữ\": khi hóa thân thành chị bán bún bò trong MV. \"Lúc nhận thông tin vào vai chị bán bún bò, tôi không tự tin, sợ làm không tới nên có đề xuất ekip thay vai. Giờ nhìn lại, tôi tự thấy bản thân diễn cũng ổn\", Bùi Công Nam nói.</p>\r\n<figure data-size=\"true\" itemprop=\"associatedMedia image\" itemscope=\"\" itemtype=\"http://schema.org/ImageObject\" class=\"tplCaption\">\r\n<meta itemprop=\"url\" content=\"https://i1-giaitri.vnecdn.net/2021/12/28/hi-08641-1640662897-7590-1640662968.jpg?w=0&h=0&q=100&dpr=2&fit=crop&s=FqT_8gEMwEGX5c7Kzgdn1Q\">\r\n<meta itemprop=\"width\" content=\"1936\">\r\n<meta itemprop=\"height\" content=\"1291\">\r\n<meta itemprop=\"href\" content=\"\">\r\n<div class=\"fig-picture\" style=\"padding-bottom: 66.666666666667%;position: relative;\"><picture>\r\n<!--[if IE 9]><video style=\"display: none;\"><![endif]-->\r\n<source data-srcset=\"https://i1-giaitri.vnecdn.net/2021/12/28/hi-08641-1640662897-7590-1640662968.jpg?w=680&h=0&q=100&dpr=1&fit=crop&s=-T6uLzLhilTXE2H1wEvLoA 1x, https://i1-giaitri.vnecdn.net/2021/12/28/hi-08641-1640662897-7590-1640662968.jpg?w=1020&h=0&q=100&dpr=1&fit=crop&s=VEHcVyYfZy1SC8tmirAM-w 1.5x, https://i1-giaitri.vnecdn.net/2021/12/28/hi-08641-1640662897-7590-1640662968.jpg?w=680&h=0&q=100&dpr=2&fit=crop&s=BTnlERRuO64HKR1adZcMyw 2x\">\r\n<!--[if IE 9]></video><![endif]-->\r\n<img itemprop=\"contentUrl\" style=\"position: absolute;width:100%;left:0;\" loading=\"lazy\" intrinsicsize=\"680x0\" alt=\"Tạo hình chị bán bún bò của Bùi Công Nam trong MV Hành khúc vùng freeship. Ảnh: Gojek\" class=\"lazy\" src=\"data:image/gif;base64,R0lGODlhAQABAAAAACH5BAEKAAEALAAAAAABAAEAAAICTAEAOw==\" data-src=\"https://i1-giaitri.vnecdn.net/2021/12/28/hi-08641-1640662897-7590-1640662968.jpg?w=680&h=0&q=100&dpr=1&fit=crop&s=-T6uLzLhilTXE2H1wEvLoA\">\r\n</picture></div>\r\n<figcaption itemprop=\"description\">\r\n<p class=\"Image\">Tạo hình chị bán bún bò của Bùi Công Nam trong MV \"Hành khúc vùng freeship\". Ảnh:<em> Gojek</em></p>\r\n</figcaption>\r\n</figure><p class=\"Normal\">Bùi Công Nam sinh năm 1993, được biết đến khi tham gia chương trình Bài hát hay nhất mùa đầu tiên. Nhạc sĩ có nhiều bản hit như: <em>\"Chí Phèo\", \"Tự giác đi\", \"Thì em vẫn thế\", \"Có ai thương em như anh\"...</em> Với \"Hành khúc vùng freeship\", nhạc sĩ hy vọng có thể lan tỏa đến mọi người ý nghĩa nhân văn của chương trình \"Vùng freeship\" cùng tinh thần lạc quan hậu giãn cách xã hội.</p>', 'photo-1-1616814274997510820367.jpg', 5, 3, 1, NULL, NULL, NULL, '2021-04-21 10:35:09', NULL),
(9, 'Ronaldo giúp Man Utd thắng dễ Burnley', 'Cristiano Ronaldo góp một bàn và một kiến tạo, giúp Man Utd hạ Burnley 3-1 ở vòng 20 Ngoại hạng Anh hôm 30/12.', '<p class=\"Normal\">Đá sân nhà, nhưng <a href=\"https://vnexpress.net/the-thao/du-lieu-bong-da/doi-bong/man-utd-33\" rel=\"dofollow\">Man Utd</a> khởi đầu trận đấu không mạch lạc. Họ để Burnley hai lần uy hiếp khung thành <a href=\"https://vnexpress.net/chu-de/david-de-gea-200\" rel=\"dofollow\">David De Gea </a>trong sáu phút đầu, đều từ những cú dứt điểm của Chris Wood. Phía cầu môn đối diện, <a href=\"https://vnexpress.net/chu-de/cristiano-ronaldo-194\" rel=\"dofollow\">Cristiano Ronaldo </a>lỡ cơ hội mở tỷ số khi sút vọt xà trong thế đối mặt thủ môn. Siêu sao Bồ Đào Nha trước đó thoát bẫy việt vị từ đường chuyền vượt tuyến của Luke Shaw.</p>\r\n<figure data-size=\"true\" itemprop=\"associatedMedia image\" itemscope=\"\" itemtype=\"http://schema.org/ImageObject\" class=\"tplCaption\">\r\n<meta itemprop=\"url\" content=\"https://i1-thethao.vnecdn.net/2021/12/31/1-6488-1640905349.jpg?w=0&h=0&q=100&dpr=2&fit=crop&s=OYFOP2vA2LUUb1bCvdN9Sw\">\r\n<meta itemprop=\"width\" content=\"2048\">\r\n<meta itemprop=\"height\" content=\"1366\">\r\n<meta itemprop=\"href\" content=\"\">\r\n<div class=\"fig-picture\" style=\"padding-bottom: 66.666666666667%;position: relative;\"><picture>\r\n<!--[if IE 9]><video style=\"display: none;\"><![endif]-->\r\n<source data-srcset=\"https://i1-thethao.vnecdn.net/2021/12/31/1-6488-1640905349.jpg?w=680&h=0&q=100&dpr=1&fit=crop&s=0UL0y0AAZ1RwzeFJ7hlkTA 1x, https://i1-thethao.vnecdn.net/2021/12/31/1-6488-1640905349.jpg?w=1020&h=0&q=100&dpr=1&fit=crop&s=mvkcFEdQz2f-ZcE19OMFzA 1.5x, https://i1-thethao.vnecdn.net/2021/12/31/1-6488-1640905349.jpg?w=680&h=0&q=100&dpr=2&fit=crop&s=sfn00wTuVlv1tArdXGkzcg 2x\">\r\n<!--[if IE 9]></video><![endif]-->\r\n<img itemprop=\"contentUrl\" style=\"position: absolute;width:100%;left:0;\" loading=\"lazy\" intrinsicsize=\"680x0\" alt=\"McTominay và Ronaldo cùng nhau tạo nên hai trong ba bàn của Man Utd trận này. Ảnh: Opta\" class=\"lazy\" src=\"data:image/gif;base64,R0lGODlhAQABAAAAACH5BAEKAAEALAAAAAABAAEAAAICTAEAOw==\" data-src=\"https://i1-thethao.vnecdn.net/2021/12/31/1-6488-1640905349.jpg?w=680&h=0&q=100&dpr=1&fit=crop&s=0UL0y0AAZ1RwzeFJ7hlkTA\">\r\n</picture></div>\r\n<figcaption itemprop=\"description\">\r\n<p class=\"Image\">McTominay và Ronaldo cùng nhau tạo nên hai trong ba bàn của Man Utd trận này. Ảnh: <em>Opta</em></p>\r\n</figcaption>\r\n</figure><p class=\"Normal\">Trong thế trận mở, chủ nhà không phải đợi lâu để mở tỷ số. Phút thứ tám, Ronaldo đỡ bóng ở rìa cấm địa từ đường chuyền của Mason Greenwood. Pha khống chế hơi dài của anh vô tình trở thành đường kiến tạo để Scott McTominay đặt lòng tầm thấp vào góc gần. Bàn thứ bảy liên tiếp của tiền vệ Scotland trên sân Old Trafford.</p><p class=\"Normal\">Với sơ đồ hai tiền đạo Ronaldo và Edinson Cavani, Man Utd không áp đảo đối thủ đang trong nhóm đua trụ hạng. Nhưng họ tìm được nhiều khoảng trống nhờ đội hình trải rộng chiều ngang sân. Phút 27, Shaw chồng biên với <a href=\"https://vnexpress.net/chu-de/jadon-sancho-982\" rel=\"dofollow\">Jadon Sancho</a> bên cánh trái. Tiền vệ Anh ngoặt bóng vào cấm địa, rồi dứt điểm chạm chân Ben Mee vào lưới.</p><p class=\"Normal\">Thua trước hai bàn khiến đội khách khó đá. Các đợt lên bóng của họ thường kết thúc sớm, hoặc phó mặc cho khả năng không chiến của Chris Wood. Man Utd chơi thong dong ở nửa sau hiệp một, nhưng thường tìm thấy cơ hội ghi bàn mỗi khi tăng tốc. Phút 35, McTominay sút xa đưa bóng dội xà. Ronaldo xuất hiện đúng chỗ đệm vào khung thành trống, nâng tỷ số lên 3-0. Lần đầu Man Utd ghi ba bàn trong hiệp đầu Ngoại hạng Anh, kể từ tháng Hai.</p><p class=\"Normal\">HLV<a href=\"https://vnexpress.net/chu-de/ralf-rangnick-3840\" rel=\"dofollow\"> Ralf Rangnick</a> điều chỉnh hàng thủ trận này, khi để Shaw và Aaron Wan-Bissaka trở lại đội hình xuất phát. Eric Bailly cũng thay <a href=\"https://vnexpress.net/chu-de/raphael-varane-373\" rel=\"dofollow\">Raphael Varane </a>đá cặp với Harry Maguire. Nhưng, các hậu vệ Man Utd vẫn đôi lúc mắc lỗi. Phút 38, Wan-Bissaka mất bóng ở trung lộ, để Aaron Lennon xộc thẳng vào cấm địa rồi dứt điểm chéo góc hạ De Gea. Bàn đầu tiên của cầu thủ kỳ cựu vào lưới Man Utd sau 23 lần gặp đội chủ sân Old Trafford. Lennon lần đầu gặp Man Utd khi khoác áo Leeds Utd năm 2003, thời điểm anh 16 tuổi.</p>\r\n<figure data-size=\"true\" itemprop=\"associatedMedia image\" itemscope=\"\" itemtype=\"http://schema.org/ImageObject\" class=\"tplCaption\">\r\n<meta itemprop=\"url\" content=\"https://i1-thethao.vnecdn.net/2021/12/31/2-1640905340-5376-1640905349.jpg?w=0&h=0&q=100&dpr=2&fit=crop&s=BjsmC8J6PT7I_SXJy3dvsQ\">\r\n<meta itemprop=\"width\" content=\"1199\">\r\n<meta itemprop=\"height\" content=\"855\">\r\n<meta itemprop=\"href\" content=\"\">\r\n<div class=\"fig-picture\" style=\"padding-bottom: 71.283095723014%;position: relative;\"><picture>\r\n<!--[if IE 9]><video style=\"display: none;\"><![endif]-->\r\n<source data-srcset=\"https://i1-thethao.vnecdn.net/2021/12/31/2-1640905340-5376-1640905349.jpg?w=680&h=0&q=100&dpr=1&fit=crop&s=YoGDvv3wQPIBy-xHC1Cc0g 1x, https://i1-thethao.vnecdn.net/2021/12/31/2-1640905340-5376-1640905349.jpg?w=1020&h=0&q=100&dpr=1&fit=crop&s=dtC9buaO_dC64dcXtnZU4w 1.5x, https://i1-thethao.vnecdn.net/2021/12/31/2-1640905340-5376-1640905349.jpg?w=680&h=0&q=100&dpr=2&fit=crop&s=JSzW9MxiWLdGeFP5SVbvIQ 2x\">\r\n<!--[if IE 9]></video><![endif]-->\r\n<img itemprop=\"contentUrl\" style=\"position: absolute;width:100%;left:0;\" loading=\"lazy\" intrinsicsize=\"680x0\" alt=\"Ronaldo khép lại năm 2021 với 47 bàn thắng. Ảnh: Sky\" class=\"lazy\" src=\"data:image/gif;base64,R0lGODlhAQABAAAAACH5BAEKAAEALAAAAAABAAEAAAICTAEAOw==\" data-src=\"https://i1-thethao.vnecdn.net/2021/12/31/2-1640905340-5376-1640905349.jpg?w=680&h=0&q=100&dpr=1&fit=crop&s=YoGDvv3wQPIBy-xHC1Cc0g\">\r\n</picture></div>\r\n<figcaption itemprop=\"description\">\r\n<p class=\"Image\">Ronaldo khép lại năm 2021 với 47 bàn thắng. Ảnh: <em>Sky</em></p>\r\n</figcaption>\r\n</figure><p class=\"Normal\">Man Utd không muốn bị kéo vào thế rượt đuổi trong dịp kỷ niệm sinh nhật thứ 80 của <a href=\"https://vnexpress.net/chu-de/alex-ferguson-164\" rel=\"dofollow\">Sir Alex Ferguson</a>, người có mặt trên khán đài. Họ cũng chưa thua trong ngày cuối năm ở chín mùa Ngoại hạng Anh gần nhất. Man Utd vì thế khởi đầu hiệp hai chậm hơn. Các học trò của HLV Rangnick duy trì nhịp độ vừa phải, cầm bóng chắc và không để Burnley tạo ra các cơ hội ghi bàn.</p><p class=\"Normal\">Hai tiền đạo luống tuổi Ronaldo và <a href=\"https://vnexpress.net/chu-de/edinson-cavani-221\" rel=\"dofollow\">Cavani </a>hoạt động tích cực. Họ cùng nhau tạo nên cơ hội đầu tiên ở hiệp hai khi Ronaldo đánh đầu chuyền để Cavani bắt vô-lê cận thành. Nhưng, chân sút Uruguay trước đó rơi vào thế việt vị. McTominay cũng lỡ cơ hội lập cú đúp với cú sút xa bị thủ thành Wayne Hennessey đẩy vọt xà. Cả Man Utd và Burnley đều tích cực dứt điểm, nhưng không có thêm bàn thắng.</p><p class=\"Normal\">Vết gợn của chủ nhà trận này là chấn thương của Bailly ở giữa hiệp hai. Trung vệ Bờ Biển Ngà được thay bằng Varane. Tới cuối trận, đội trưởng Maguire bước đi tập tễnh sau tình huống tranh chấp với Tarkowski. Trung vệ đang là vị trí đáng lo với HLV Rangnick, khi Victor Lindelof chưa trở lại sau khi <a href=\"https://vnexpress.net/the-thao/lindelof-phai-deo-may-do-tim-4403257.html\" rel=\"dofollow\">gặp vấn đề về tim.</a></p><p class=\"Normal\">Trận thắng cuối năm 2021 đưa Man Utd trở lại top 6 với 31 điểm sau 18 trận, hơn Tottenham một điểm nhưng đá nhiều hơn một trận. Thầy trò Rangnick còn cách vị trí thứ tư của Arsenal bốn điểm. Họ gặp Wolves ở vòng tiếp theo vào 4/1.</p><p class=\"Normal\">Man Utd kiếm 14 điểm từ sáu trận gần nhất, dưới thời Michael Carrick và Rangnick, hơn 10 điểm so với sáu trận cuối của Ole Gunnar Solskjaer.</p><p class=\"Normal\"><strong>Đội hình thi đấu:</strong></p><p class=\"Normal\">Man Utd: De Gea, Shaw, Maguire, Bailly (Varane 66’), Wan-Bissaka, Matic, McTominay, Greenwood (Dalot 81’), Sancho, Cavani, Ronaldo (Fred 90’)</p><p class=\"Normal\">Burnley: Hennessey, Lowton, Mee, Tarkowski, Taylor, Lennon (Vybra 74’), Cork (Stephens 58’), Gudmundsson, Westwood, Wood, McNeil (Pieters 84’)</p>', 'photo1615453624797-16154536249401290089398.jpg', 3, 4, 1, NULL, NULL, NULL, '2021-04-21 10:35:09', NULL),
(10, 'Barca muốn mượn Morata', 'Theo truyền thông Tây Ban Nha, HLV Xavi Hernandez gọi điện thuyết phục tiền đạo Alvaro Morata gia nhập Barca vào tháng 1/2022.', '<p class=\"Normal\">Báo Tây Ban Nha <em>Marca </em>cho biết <a href=\"https://vnexpress.net/chu-de/alvaro-morata-796\" rel=\"dofollow\">Morata </a>đang cân nhắc đề nghị chơi sáu tháng ở sân Camp Nou dưới dạng cho mượn. Tuy nhiên, <a href=\"https://vnexpress.net/the-thao/du-lieu-bong-da/doi-bong/barcelona-529\" rel=\"dofollow\">Barca </a>còn phải thuyết phục Juventus, cũng như đội bóng đồng hương Atletico chấp nhận thỏa thuận. Morata đang khoác áo Juventus dưới dạng cho mượn từ Atletico, có thời hạn tới tháng 6/2022.</p>\r\n<figure data-size=\"true\" itemprop=\"associatedMedia image\" itemscope=\"\" itemtype=\"http://schema.org/ImageObject\" class=\"tplCaption\">\r\n<meta itemprop=\"url\" content=\"https://i1-thethao.vnecdn.net/2021/12/30/1-1640874337-9671-1640874373.jpg?w=0&h=0&q=100&dpr=2&fit=crop&s=AjjBpeUppiv2G_lT5zaOHg\">\r\n<meta itemprop=\"width\" content=\"1200\">\r\n<meta itemprop=\"height\" content=\"675\">\r\n<meta itemprop=\"href\" content=\"\">\r\n<div class=\"fig-picture\" style=\"padding-bottom: 56.25%;position: relative;\"><picture>\r\n<!--[if IE 9]><video style=\"display: none;\"><![endif]-->\r\n<source data-srcset=\"https://i1-thethao.vnecdn.net/2021/12/30/1-1640874337-9671-1640874373.jpg?w=680&h=0&q=100&dpr=1&fit=crop&s=AlmKuyUZvqn6Gjj_cpTP9Q 1x, https://i1-thethao.vnecdn.net/2021/12/30/1-1640874337-9671-1640874373.jpg?w=1020&h=0&q=100&dpr=1&fit=crop&s=pIs1F27PmUeskDmjm5ojeg 1.5x, https://i1-thethao.vnecdn.net/2021/12/30/1-1640874337-9671-1640874373.jpg?w=680&h=0&q=100&dpr=2&fit=crop&s=pcVKwU0QIf3IKBTijjbhGw 2x\">\r\n<!--[if IE 9]></video><![endif]-->\r\n<img itemprop=\"contentUrl\" style=\"position: absolute;width:100%;left:0;\" loading=\"lazy\" intrinsicsize=\"680x0\" alt=\"Morata được cho là không hạnh phúc với Juventus mùa này. Ảnh: Marca\" class=\"lazy\" src=\"data:image/gif;base64,R0lGODlhAQABAAAAACH5BAEKAAEALAAAAAABAAEAAAICTAEAOw==\" data-src=\"https://i1-thethao.vnecdn.net/2021/12/30/1-1640874337-9671-1640874373.jpg?w=680&h=0&q=100&dpr=1&fit=crop&s=AlmKuyUZvqn6Gjj_cpTP9Q\">\r\n</picture></div>\r\n<figcaption itemprop=\"description\">\r\n<p class=\"Image\">Morata được cho là không hạnh phúc với Juventus mùa này. Ảnh: <em>Marca</em></p>\r\n</figcaption>\r\n</figure><p class=\"Normal\">Morata đang gặp khó khăn ở <a href=\"https://vnexpress.net/the-thao/du-lieu-bong-da/doi-bong/juventus-496\" rel=\"dofollow\">Juventus</a>. Trong năm thứ hai khoác áo đội bóng thành Turin, tiền đạo 29 tuổi ghi bảy bàn sau 23 trận trên mọi đấu trường. Trong trận gặp Genoa mới đây, Morata được cho là không hài lòng với thái độ của HLV <a href=\"https://vnexpress.net/chu-de/massimiliano-allegri-319\" rel=\"dofollow\">Max Allegri</a> sau khi anh tranh cãi với trọng tài.</p><p class=\"Normal\">Barca tự tin thuyết phục Atletico vì họ đang cho chính đối thủ mượn <a href=\"https://vnexpress.net/chu-de/antoine-griezmann-171\" rel=\"dofollow\">Antoine Griezmann</a>. Juventus thì phải tính toán nhiều hơn, vì hàng công không nhiều người và hạn chế tài chính khiến họ khó xúc tiến thương vụ lớn nào ở mùa đông năm nay.</p><p class=\"Normal\">Trước khi gọi cho Morata, HLV Xavi đã có chân sút <a href=\"https://vnexpress.net/bong-da/barca-chi-74-trieu-usd-mua-tien-dao-man-city-4409425.html\" rel=\"dofollow\">Ferran Torres</a> từ Man City. Nhà cầm quân Tây Ban Nha muốn bổ sung thêm Morata để bù đắp việc<a href=\"https://vnexpress.net/bong-da/aguero-giai-nghe-4403680.html\" rel=\"dofollow\"> Sergio Aguero giải nghệ</a>, và các tiền đạo khác giảm phong độ. Chân sút hay nhất của Barca là <a href=\"https://vnexpress.net/chu-de/memphis-depay-326\" rel=\"dofollow\">Memphis Depay</a> ghi tám bàn ở La Liga. Ansu Fati lập công ba lần, Martin Braithwaite có hai bàn, còn Luuk de Jong chỉ ghi một bàn.</p><p class=\"Normal\">Theo <em>Marca</em>, trong trường hợp để Morata tới Barca, Juventus sẽ nhắm một trong hai người là Arkadiusz Milik của Marseille và <a href=\"https://vnexpress.net/chu-de/mauro-icardi-324\" rel=\"dofollow\">Mauro Icardi</a> của PSG. Barca thì muốn đẩy đi <a href=\"https://vnexpress.net/chu-de/philippe-coutinho-365\" rel=\"dofollow\">Philippe Coutinho</a> và Samuel Umtiti để giải phóng quỹ lương.</p>', 'photo-1-16124169820151481479067.jpg', 3, 4, 1, NULL, NULL, NULL, '2021-04-21 11:04:35', NULL),
(11, 'Sắc vóc \'sao nữ đẹp nhất thế giới\' 2021', 'Lisa - được bình chọn ', '<p>Lisa vừa được trang TC Candler b&igrave;nh chọn đứng đầu top &quot;<a href=\"https://vnexpress.net/lisa-la-sao-nu-dep-nhat-hanh-tinh-2021-4409076.html\">100 gương mặt đẹp nhất thế giới</a>&quot; h&ocirc;m 28/12. Sinh năm 1997 ở Th&aacute;i Lan, Lisa đến H&agrave;n Quốc l&agrave;m thực tập sinh, nổi tiếng khi hoạt động trong nh&oacute;m nhạc&nbsp;<a href=\"https://vnexpress.net/chu-de/black-pink-1671\">Blackpink</a>.</p>\r\n\r\n<p><img alt=\"\" src=\"https://i1-giaitri.vnecdn.net/2021/12/30/lisa-6-1640861516.jpg?w=1200&amp;h=0&amp;q=100&amp;dpr=1&amp;fit=crop&amp;s=yEDLU25cHKt78n2dPashjw\" /></p>\r\n\r\n<p>Năm ngo&aacute;i, c&ocirc; đứng thứ hai trong danh s&aacute;ch n&agrave;y.<em>&nbsp;</em>Lisa cũng nhiều năm li&ecirc;n tiếp dẫn đầu b&igrave;nh chọn 100 gương mặt&nbsp;<a href=\"https://vnexpress.net/10-my-nhan-dep-nhat-chau-a-3895556.html\" target=\"_blank\">đẹp nhất ch&acirc;u &Aacute;</a>&nbsp;do trang&nbsp;<em>TC Candler&nbsp;</em>thực hiện.</p>\r\n\r\n<p><img alt=\"\" src=\"https://i1-giaitri.vnecdn.net/2021/12/30/lisa-5-1640861516.jpg?w=1200&amp;h=0&amp;q=100&amp;dpr=1&amp;fit=crop&amp;s=syByrZTFTOrh_H-YBqDZXg\" /></p>\r\n\r\n<p>Lisa c&oacute; gương mặt nhỏ, c&aacute;c n&eacute;t đầy đặn, được fan v&iacute; như b&uacute;p b&ecirc;.</p>\r\n\r\n<p><img alt=\"\" src=\"https://i1-giaitri.vnecdn.net/2021/12/30/lisa-14-1640861522.jpg?w=1200&amp;h=0&amp;q=100&amp;dpr=1&amp;fit=crop&amp;s=RcvZ0_7sZuL5UmasFUmC3Q\" /></p>\r\n\r\n<p>C&ocirc; chuộng phong c&aacute;ch trang điểm sắc sảo, c&aacute; t&iacute;nh.</p>\r\n\r\n<p><img alt=\"\" src=\"https://i1-giaitri.vnecdn.net/2021/12/30/lisa-15-1640861523.jpg?w=1200&amp;h=0&amp;q=100&amp;dpr=1&amp;fit=crop&amp;s=GRGDBV55aHPAk7FJufGGwg\" /></p>\r\n\r\n<p>Ngo&agrave;i th&agrave;nh c&ocirc;ng trong &acirc;m nhạc, Lisa c&ograve;n l&agrave; t&ecirc;n tuổi c&oacute; tầm ảnh hưởng ở l&agrave;ng thời trang quốc tế. C&ocirc; được gi&aacute;m đốc nghệ thuật Hedi Slimane của C&eacute;line chọn l&agrave;m n&agrave;ng thơ, l&agrave; đại sứ to&agrave;n cầu cho Bulgari, MAC. T&agrave;i khoản&nbsp;<em>Instagram</em>&nbsp;của c&ocirc; hiện thu h&uacute;t hơn 70,8 triệu người theo d&otilde;i. Ảnh:&nbsp;<em>Elle</em></p>\r\n\r\n<p>Video Player is loading.</p>\r\n\r\n<p>Dừng</p>\r\n\r\n<p>Hiện tại&nbsp;0:09</p>\r\n\r\n<p>/</p>\r\n\r\n<p>Thời lượng&nbsp;3:06</p>\r\n\r\n<p>Đ&atilde; tải: 0%</p>\r\n\r\n<p>Tiến tr&igrave;nh: 0%</p>\r\n\r\n<p>Bỏ tắt tiếng</p>\r\n\r\n<p>To&agrave;n m&agrave;n h&igrave;nh</p>\r\n\r\n<p>&nbsp;</p>\r\n\r\n<p>Lisa chụp h&igrave;nh cho tạp ch&iacute; Allure H&agrave;n Quốc. Video:&nbsp;<em>Allure</em></p>\r\n\r\n<p><img alt=\"\" src=\"https://i1-giaitri.vnecdn.net/2021/12/30/lisa-3-1640861514.jpg?w=1200&amp;h=0&amp;q=100&amp;dpr=1&amp;fit=crop&amp;s=nrCwsyRxXE1P-butjUyHRg\" /></p>\r\n\r\n<p>Mỹ nh&acirc;n Th&aacute;i Lan g&acirc;y ấn tượng khi thay đổi kiểu t&oacute;c li&ecirc;n tục. C&ocirc; thường xuy&ecirc;n nhuộm t&oacute;c m&agrave;u nổi như hồng, xanh dương, t&iacute;m, đỏ, ombre nhiều m&agrave;u... D&ugrave; t&oacute;c ngắn hay d&agrave;i, c&ocirc; trung th&agrave;nh với kiểu m&aacute;i bằng ngắn chạm l&ocirc;ng m&agrave;y.</p>\r\n\r\n<p><img alt=\"\" src=\"https://i1-giaitri.vnecdn.net/2021/12/30/lisa-11-1640861520.jpg?w=1200&amp;h=0&amp;q=100&amp;dpr=1&amp;fit=crop&amp;s=_soTUKwAe1lmih8sWfc2Tg\" /></p>\r\n\r\n<p>V&oacute;c d&aacute;ng c&acirc;n đối gi&uacute;p Lisa chinh phục nhiều kiểu trang phục. C&ocirc; ưu &aacute;i những bộ đồ khỏe khoắn, năng động như đồ thể thao, quần jeans, &aacute;o ph&ocirc;ng, bốt chunky, crop top...</p>\r\n\r\n<p><img alt=\"\" src=\"https://i1-giaitri.vnecdn.net/2021/12/30/lisa-13-1640861521.jpg?w=1200&amp;h=0&amp;q=100&amp;dpr=1&amp;fit=crop&amp;s=QpNR3diBP5Jvzpyg1q_xig\" /></p>\r\n\r\n<p>Khi l&agrave; gương mặt đại diện của C&eacute;line, Lisa cũng thường xuy&ecirc;n xuất hiện với trang phục mang hơi thở cổ điển, thanh lịch theo tinh thần của nh&agrave; mốt Ph&aacute;p.</p>\r\n\r\n<p><img alt=\"\" src=\"https://i1-giaitri.vnecdn.net/2021/12/30/lisa-1-1640861514.jpg?w=1200&amp;h=0&amp;q=100&amp;dpr=1&amp;fit=crop&amp;s=y9aPdQKFk1KWTSMl9gBURw\" /></p>\r\n\r\n<p>Lisa từng ghi điểm khi chọn bộ đồ &aacute;nh kim nổi bật cho lần đầu xuất hiện tr&ecirc;n h&agrave;ng ghế đầu của Prada năm ngo&aacute;i. Theo&nbsp;<em>Vogue</em>, chiếc t&uacute;i đồng điệu trang phục, đi k&egrave;m bốt đen ăn &yacute; m&aacute;i t&oacute;c tạo n&ecirc;n một tổng thể ho&agrave;n hảo.</p>\r\n\r\n<p><img alt=\"\" src=\"https://i1-giaitri.vnecdn.net/2021/12/30/lisa-1640861525.jpg?w=1200&amp;h=0&amp;q=100&amp;dpr=1&amp;fit=crop&amp;s=aaZGSmtpFh4z_fDjsc8ZHA\" /></p>\r\n\r\n<p>Khi dự sự kiện của Bulgari ở Seoul năm 2019, c&ocirc; diện v&aacute;y bất đối xứng kẻ sọc v&agrave; gi&agrave;y g&oacute;t nhọn đơn giản.&nbsp;<em>Vogue</em>&nbsp;đ&aacute;nh gi&aacute; c&aacute;ch mặc đơn giản v&agrave; c&oacute; thẩm mỹ.</p>\r\n\r\n<p><img alt=\"\" src=\"https://i1-giaitri.vnecdn.net/2021/12/30/lisa-16-1640861524.jpg?w=1200&amp;h=0&amp;q=100&amp;dpr=1&amp;fit=crop&amp;s=2yK1VAoc0bMG-C02fqHy8Q\" /></p>\r\n\r\n<p>Mỹ nh&acirc;n 24 tuổi được t&ocirc;n ch&acirc;n c&ugrave;ng quần skinny jeans v&agrave; bốt da cao tr&ecirc;n gối, tạo điểm nhấn bằng t&uacute;i C&eacute;line m&agrave;u đỏ.</p>\r\n', '1610593132868-38-0-931-1430-crop-1610593137968-63746223608659.jpg', 5, 0, 1, '', '', '', '2021-04-21 11:04:35', '2022-01-06 17:29:24'),
(12, 'Châu Bùi hạn chế ăn đường', 'Châu Bùi chọn chế độ ăn lành mạnh, giảm tiêu thụ đường nhằm bảo vệ sức khỏe cũng như duy trì làn da tươi trẻ.', '<p>Người đẹp cho biết khoảng hai năm nay, c&ocirc; &aacute;p dụng chế độ &quot;eat clean&quot; v&agrave; tập thể dục mỗi ng&agrave;y. Kh&ocirc;ng chỉ duy tr&igrave; v&oacute;c d&aacute;ng c&acirc;n đối, c&ocirc; cảm nhận sức khỏe cũng cải thiện tốt hơn. Theo&nbsp;<em>WebMD</em>, &quot;eat clean&quot; l&agrave; chọn c&aacute;c thực phẩm protein nạc, carbs v&agrave; chất b&eacute;o l&agrave;nh mạnh, tr&aacute;i c&acirc;y tươi, rau kết hợp uống nhiều nước, ki&ecirc;ng đường. Điều n&agrave;y gi&uacute;p gia tăng tốc độ trao đổi chất, đốt ch&aacute;y chất b&eacute;o. Phương ph&aacute;p n&agrave;y được nhiều sao quốc tế ưa chuộng, trở th&agrave;nh xu hướng về lối sống l&agrave;nh mạnh những năm gần đ&acirc;y.</p>\r\n\r\n<p>&quot;B&iacute; quyết của t&ocirc;i l&agrave; bắt đầu từng bước. Trước ti&ecirc;n, t&ocirc;i giảm đường, thịt mỡ, thức ăn chế biến sẵn. Tiếp theo, t&ocirc;i chuyển sang d&ugrave;ng c&aacute;c thực phẩm l&agrave;nh mạnh như yến mạch, ngũ cốc nguy&ecirc;n hạt. Điều chỉnh th&oacute;i quen ăn uống đ&ograve;i hỏi nhiều thời gian, sự ki&ecirc;n tr&igrave; để cơ thể th&iacute;ch nghi&quot;, Ch&acirc;u B&ugrave;i n&oacute;i.</p>\r\n\r\n<p>Việc giảm ti&ecirc;u thụ đường ngo&agrave;i ngăn chặn t&iacute;ch mỡ c&ograve;n gi&uacute;p c&ocirc; ngừa mụn. Theo&nbsp;<em>Medical News Today</em>, thức ăn v&agrave; đồ uống c&oacute; đường đều chứa nhiều calo. Mặt kh&aacute;c, cơ thể ti&ecirc;u h&oacute;a nhanh thực phẩm chứa đường n&ecirc;n nhanh đ&oacute;i. Điều n&agrave;y th&uacute;c đẩy ch&uacute;ng ta ăn thường xuy&ecirc;n hơn v&agrave; g&acirc;y tăng c&acirc;n. Trang&nbsp;<em>Vogue</em>&nbsp;cho biết việc ăn nhiều đường cũng th&uacute;c đẩy l&atilde;o h&oacute;a sớm, khiến da xỉn m&agrave;u v&agrave; chảy xệ, đồng thời l&agrave;m trầm trọng th&ecirc;m t&igrave;nh trạng mụn trứng c&aacute;.</p>\r\n\r\n<p><img alt=\"Châu Bùi giữ dáng nhờ chăm tập thể dục và ăn uống lành mạnh. Ảnh: Instagram Châu Bùi\" src=\"https://i1-giaitri.vnecdn.net/2021/12/19/Chau-Bui-1-9760-1637648767-6416-1639926796.jpg?w=680&amp;h=0&amp;q=100&amp;dpr=1&amp;fit=crop&amp;s=xj3w-cyXh1NPbS0dOtOTIA\" /></p>\r\n\r\n<p>Ch&acirc;u B&ugrave;i giữ d&aacute;ng nhờ chăm tập thể dục v&agrave; ăn uống l&agrave;nh mạnh. Ảnh:&nbsp;<em>Instagram Ch&acirc;u B&ugrave;i</em></p>\r\n\r\n<p>Người mẫu thường xuy&ecirc;n nấu ăn ở nh&agrave;. C&ocirc; kh&ocirc;ng qu&aacute; ki&ecirc;ng khem, đồng thời cho ph&eacute;p bản th&acirc;n thưởng thức một số m&oacute;n ăn y&ecirc;u th&iacute;ch. Khi c&oacute; dấu hiệu b&eacute;o l&ecirc;n, Ch&acirc;u B&ugrave;i kh&ocirc;ng cảm thấy &aacute;p lực v&igrave; chỉ cần điều chỉnh lại thực đơn, c&acirc;n nặng sẽ được kiểm so&aacute;t.</p>\r\n\r\n<p>Tập luyện thể thao l&agrave; một phần trong cuộc sống h&agrave;ng ng&agrave;y của c&ocirc;. Nữ người mẫu học nhảy hiện đại tại nh&agrave;, d&agrave;nh hai buổi trong tuần để tập gym với c&ocirc;ng nghệ xung điện. C&ocirc; cảm nhận cơ thể săn chắc, duy tr&igrave; cơ tốt hơn nhờ chăm chỉ tập luyện.</p>\r\n\r\n<p>Trong l&agrave;m đẹp, Ch&acirc;u B&ugrave;i th&iacute;ch phong c&aacute;ch trang điểm đơn giản nhưng c&oacute; điểm nhấn, v&iacute; dụ đ&aacute;nh lớp nền mỏng nhẹ v&agrave; t&ocirc; son m&ocirc;i đỏ. Nếu kh&ocirc;ng c&oacute; lịch l&agrave;m việc, c&ocirc; sẽ để mặt mộc. Ba m&oacute;n mỹ phẩm c&ocirc; thường mang theo l&agrave; serum dưỡng ẩm, son dưỡng v&agrave; son đỏ. Để chăm s&oacute;c t&oacute;c, c&ocirc; d&ugrave;ng sản phẩm xịt chống nhiệt độ cao khi đi nắng v&agrave; thoa nước dưỡng sau mỗi lần gội đầu.</p>\r\n\r\n<p><img alt=\"Châu Bùi chăm sóc da kỹ lưỡng nhằm chống lão hóa sớm. Ảnh: Instagram Châu Bùi\" src=\"https://i1-giaitri.vnecdn.net/2021/12/19/Chau-Bui-5-7186-1637648767-8627-1639926797.jpg?w=680&amp;h=0&amp;q=100&amp;dpr=1&amp;fit=crop&amp;s=FgLVCWhutkZ5vXxYh-CZig\" /></p>\r\n\r\n<p>Ch&acirc;u B&ugrave;i chăm s&oacute;c da kỹ lưỡng nhằm chống l&atilde;o h&oacute;a sớm. Ảnh:&nbsp;<em>Instagram Ch&acirc;u B&ugrave;i</em></p>\r\n\r\n<p>C&ocirc; chăm s&oacute;c da kh&ocirc;ng cầu kỳ. Nữ người mẫu cho biết ba bước dưỡng quan trọng nhất với c&ocirc; l&agrave; l&agrave;m sạch, dưỡng ẩm v&agrave; chống nắng: &quot;T&ocirc;i thường quay phim, chụp ảnh ngo&agrave;i nắng kh&aacute; nhiều. Nếu kh&ocirc;ng chống nắng kỹ, da sẽ nhanh sạm v&agrave; l&atilde;o h&oacute;a&quot;. Những l&uacute;c c&ocirc;ng việc d&agrave;y đặc, phải trang điểm h&agrave;ng ng&agrave;y, c&ocirc; sẽ d&agrave;nh thời gian để da được nghỉ ngơi v&agrave; phục hồi.</p>\r\n\r\n<p>Ch&acirc;u B&ugrave;i được c&aacute;c nh&agrave; b&aacute;o v&agrave; chuy&ecirc;n gia của tạp ch&iacute;&nbsp;<em>Forbes</em>&nbsp;b&igrave;nh chọn l&agrave; một trong 300 gương mặt &quot;<a href=\"https://vnexpress.net/hai-nu-doanh-nhan-viet-lot-top-guong-mat-tre-noi-bat-chau-a-4265792.html\" target=\"_blank\">30 Under 30 Asia</a>&quot; (t&agrave;i năng dưới 30 tuổi ch&acirc;u &Aacute;) năm nay. C&ocirc; 23 tuổi, sống v&agrave; l&agrave;m việc ở TP HCM, từng thi The Face Vietnam 2017 nhưng bỏ dở. C&ocirc; c&oacute; hơn ba triệu người theo d&otilde;i tr&ecirc;n Instagram, hai triệu tr&ecirc;n Facebook. Năm 2019, c&ocirc; được vinh danh l&agrave; &quot;Người c&oacute; phong c&aacute;ch c&aacute; nh&acirc;n g&acirc;y ảnh hưởng nhất tr&ecirc;n mạng x&atilde; hội&quot; tại ELLE Style Awards. C&ocirc; cũng l&agrave; fashionista Việt đầu ti&ecirc;n k&yacute; hợp đồng quảng c&aacute;o với Dior v&agrave; Louis Vuitton.</p>\r\n', 'lg-ra-mat-dong-tivi-qned-7.jpg', 5, NULL, 1, '', '', '', '2021-04-21 11:04:35', '2022-01-06 17:16:30');
INSERT INTO `news` (`id`, `title`, `summary`, `content`, `avatar`, `categoryid`, `subcategoryid`, `status`, `seo_title`, `seo_description`, `seo_keywords`, `created_at`, `updated_at`) VALUES
(13, 'HLV Park: \'Việt Nam cần trở lại với sự khiêm nhường ban đầu\'', 'HLV Park Hang-seo trải lòng về những thay đổi trong ban cán sự và định hướng của đội tuyển Việt Nam sau AFF Cup 2020, sáng 6/1.', '<p>D&ugrave; l&agrave;m n&ecirc;n lịch sử với lần đầu&nbsp;<a href=\"https://vnexpress.net/the-thao/viet-nam-vao-vong-loai-cuoi-world-cup-2022-4294741-tong-thuat.html\">vượt qua v&ograve;ng loại thứ hai</a>&nbsp;World Cup 2022 - khu vực ch&acirc;u &Aacute;, những th&aacute;ng cuối năm 2021 kh&ocirc;ng được &ecirc;m ả với thầy tr&ograve; HLV Park. Đội tuyển to&agrave;n thua s&aacute;u trận tại v&ograve;ng loại thứ ba World Cup v&agrave; kh&ocirc;ng bảo vệ được chức v&ocirc; địch AFF Cup khi&nbsp;<a href=\"https://vnexpress.net/the-thao/thai-lan-vs-viet-nam-4408364-tong-thuat.html\">thua Th&aacute;i Lan 0-2</a>&nbsp;sau hai lượt trận b&aacute;n kết.</p>\r\n\r\n<p>&quot;V&agrave;o ng&agrave;y đầu ti&ecirc;n của năm mới, ch&uacute;ng t&ocirc;i đ&atilde; nh&igrave;n lại h&agrave;nh tr&igrave;nh đ&atilde; qua trong năm 2021&quot;,&nbsp;<a href=\"https://vnexpress.net/chu-de/park-hang-seo-354\">HLV Park</a>&nbsp;chia sẻ tr&ecirc;n trang chủ của Li&ecirc;n đo&agrave;n B&oacute;ng đ&aacute; Việt Nam. &quot;C&oacute; rất nhiều th&aacute;ch thức m&agrave; ch&uacute;ng t&ocirc;i phải đối mặt với tư c&aacute;ch l&agrave; một đội b&oacute;ng. C&oacute; những th&aacute;ch thức ch&uacute;ng t&ocirc;i c&oacute; thể vượt qua, nhưng cũng c&oacute; những vấn đề lại rất kh&oacute; khăn. V&iacute; dụ, c&aacute;c hướng dẫn v&agrave; hạn chế về c&aacute;ch ly do Covid-19 đ&atilde; buộc c&aacute;c cầu thủ phải ở trong một khu vực b&oacute; hẹp trong thời gian d&agrave;i. Điều n&agrave;y đ&atilde; ảnh hưởng rất nhiều đến t&acirc;m l&yacute; của họ. Nhiều người chia sẻ rằng, chặng đường đạt được th&agrave;nh c&ocirc;ng từ năm 2018 đến nay đ&atilde; kh&ocirc;ng thể duy tr&igrave; được động lực, khả năng cạnh tranh v&agrave; niềm đam m&ecirc; để đạt th&agrave;nh t&iacute;ch cao hơn&quot;.</p>\r\n\r\n<p>V&igrave; thế, nh&agrave; cầm qu&acirc;n H&agrave;n Quốc cho rằng đ&atilde; đến l&uacute;c đội tuyển bắt đầu lại từ vạch xuất ph&aacute;t. &Ocirc;ng n&oacute;i: &quot;Ch&uacute;ng ta phải quay trở lại thời điểm mới bắt đầu v&agrave;o năm 2018. C&oacute; nghĩa l&agrave; ch&uacute;ng ta quay trở lại với sự khởi đầu khi&ecirc;m nhường, nhưng với những kh&aacute;t vọng v&agrave; ho&agrave;i b&atilde;o lớn lao. Trở lại vị thế ban đầu để cho một khởi đầu mới l&agrave; b&agrave;i học tốt nhất cho đội tuyển Việt Nam. Ban huấn luyện, bao gồm cả t&ocirc;i v&agrave; tất cả những người c&oacute; li&ecirc;n quan đến đội tuyển cần phải đổi mới tư duy của m&igrave;nh, với c&ugrave;ng mục ti&ecirc;u để hướng tới một năm 2022 th&agrave;nh c&ocirc;ng&quot;.</p>\r\n\r\n<p><img alt=\"Quế Ngọc Hải (số 3) rời vai trò đội trưởng sau ba năm. Ảnh: Leo Shengwei\" src=\"https://i1-thethao.vnecdn.net/2022/01/06/a3-5645-1641439325.jpg?w=680&amp;h=0&amp;q=100&amp;dpr=1&amp;fit=crop&amp;s=C3tUJVFzclbhiC5OWM6yWw\" /></p>\r\n\r\n<p>Quế Ngọc Hải c&ugrave;ng c&aacute;c đồng đội thất bại trong mục ti&ecirc;u bảo vệ AFF Cup. Ảnh:&nbsp;<em>Leo Shengwei</em></p>\r\n\r\n<p>Cũng trong buổi sinh hoạt cuối trước khi kết th&uacute;c chiến dịch AFF Cup 2020, HLV Park th&ocirc;ng b&aacute;o quyết định<a href=\"https://vnexpress.net/hlv-park-tuoc-bang-thu-quan-cua-que-ngoc-hai-4412155.html\">&nbsp;r&uacute;t lại băng đội trưởng của Quế Ngọc Hải</a>&nbsp;vốn đ&atilde; giao cho trung vệ 28 tuổi suốt ba năm qua. Đội ph&oacute; Phạm Đức Huy v&agrave; Lương Xu&acirc;n Trường cũng rời ban c&aacute;n sự.</p>\r\n\r\n<p>Trước Quế Ngọc Hải, băng thủ qu&acirc;n thuộc về Nguyễn Văn Quyết. Nhưng sau chức v&ocirc; địch AFF Cup 2018, tiền đạo của H&agrave; Nội kh&ocirc;ng được triệu tập d&ugrave; nhiều thời điểm c&oacute; phong độ tốt ở V-League.</p>\r\n\r\n<p>&quot;C&aacute;c thủ lĩnh của đội tuyển đều l&agrave; những tấm gương tuyệt vời cho c&aacute;c cầu thủ kh&aacute;c trong v&agrave; ngo&agrave;i s&acirc;n cỏ&quot;, HLV Park cho hay. &quot;Quế Ngọc Hải đ&atilde; l&agrave; đội trưởng trong ba năm qua. Ban c&aacute;n sự bao gồm c&aacute;c đội ph&oacute; được giao trọng tr&aacute;ch lớn l&agrave; trở th&agrave;nh người dẫn dắt c&aacute;c tuyển thủ. Giờ đ&acirc;y, ban huấn luyện mong muốn giảm nhẹ g&aacute;nh nặng cho vai tr&ograve; của những thủ qu&acirc;n để họ cũng c&oacute; thể tập trung v&agrave;o việc thể hiện ở phong độ cao nhất. Sau buổi tập cuối c&ugrave;ng của đội v&agrave;o ng&agrave;y 3/1, t&ocirc;i đ&atilde; c&oacute; cuộc tr&ograve; chuyện ch&acirc;n th&agrave;nh với đội trưởng v&agrave; c&aacute;c đội ph&oacute;. Ch&uacute;ng t&ocirc;i đồng &yacute; rằng cần phải c&oacute; một bầu kh&ocirc;ng kh&iacute; mới để tạo động lực mới v&agrave; quay trở lại điểm xuất ph&aacute;t của ch&uacute;ng t&ocirc;i với th&aacute;i độ tinh thần của người mới bắt đầu&quot;.</p>\r\n\r\n<p>Đội tuyển sẽ tập trung trở lại ng&agrave;y 13/1 để chuẩn bị cho trận gặp Australia (27/11) v&agrave; Trung Quốc (1/2) tại v&ograve;ng loại World Cup. HLV Park dự định sẽ gọi nhiều gương mặt mới để n&acirc;ng cao t&iacute;nh cạnh tranh trong đội tuyển.</p>\r\n\r\n<p>Park l&agrave; HLV th&agrave;nh c&ocirc;ng nhất lịch sử Việt Nam. Kể từ khi &ocirc;ng đến cuối năm 2017, c&aacute;c đội tuyển đ&atilde; gi&agrave;nh HC bạc U23 năm 2018, v&agrave;o b&aacute;n kết Asiad 2018, v&ocirc; địch AFF Cup 2018, v&agrave;o tứ kết Asian Cup 2019 rồi vượt qua v&ograve;ng loại thứ hai World Cup 2022. Cuối năm ngo&aacute;i, &ocirc;ng đ&atilde;&nbsp;<a href=\"https://vnexpress.net/bong-da/hlv-park-gia-han-hop-dong-4384039.html\">k&iacute;ch hoạt</a>&nbsp;điều khoản gia hạn một năm, trong bản hợp đồng thứ hai với VFF, k&eacute;o d&agrave;i đến 31/1/2023.</p>\r\n', '1641465332-news-parkhangseo.jpg', 3, 4, 1, '', '', '', '2022-01-06 10:35:32', NULL);

-- --------------------------------------------------------

--
-- Table structure for table `tblcategory`
--

CREATE TABLE `tblcategory` (
  `id` int(11) NOT NULL,
  `CategoryName` varchar(200) CHARACTER SET utf8 DEFAULT NULL,
  `Description` mediumtext CHARACTER SET utf8 DEFAULT NULL,
  `PostingDate` timestamp NULL DEFAULT current_timestamp(),
  `UpdationDate` timestamp NULL DEFAULT NULL,
  `Is_Active` int(1) DEFAULT NULL
) ENGINE=InnoDB DEFAULT CHARSET=latin1;

--
-- Dumping data for table `tblcategory`
--

INSERT INTO `tblcategory` (`id`, `CategoryName`, `Description`, `PostingDate`, `UpdationDate`, `Is_Active`) VALUES
(2, 'thoisu', 'Thời sự', '2018-06-06 03:28:09', '2018-06-30 11:41:07', 1),
(3, 'thethao', 'Thể thao', '2018-06-06 03:35:09', '2018-06-14 04:11:55', 1),
(5, 'giaitri', 'Tin tức giải trí', '2018-06-13 22:32:58', '2018-06-13 22:33:41', 1),
(6, 'kinhdoanh', 'Kinh doanh', '2018-06-22 08:46:09', '2022-01-07 09:46:30', 1),
(7, 'dulich', 'Du lịch', '2018-06-22 08:46:22', '0000-00-00 00:00:00', 1),
(8, 'Khoahoc', 'Khoa học', '2022-01-08 03:00:59', '2022-01-08 03:01:24', 1);

-- --------------------------------------------------------

--
-- Table structure for table `tblsubcategory`
--

CREATE TABLE `tblsubcategory` (
  `SubCategoryId` int(11) NOT NULL,
  `CategoryId` int(11) DEFAULT NULL,
  `Subcategory` varchar(255) CHARACTER SET utf8 DEFAULT NULL,
  `SubCatDescription` mediumtext CHARACTER SET utf8 DEFAULT NULL,
  `PostingDate` timestamp NOT NULL DEFAULT current_timestamp(),
  `UpdationDate` timestamp NULL DEFAULT NULL,
  `Is_Active` int(1) DEFAULT NULL
) ENGINE=InnoDB DEFAULT CHARSET=latin1;

--
-- Dumping data for table `tblsubcategory`
--

INSERT INTO `tblsubcategory` (`SubCategoryId`, `CategoryId`, `Subcategory`, `SubCatDescription`, `PostingDate`, `UpdationDate`, `Is_Active`) VALUES
(3, 5, 'music', 'Nhạc', '2018-06-22 08:45:38', '0000-00-00 00:00:00', 1),
(4, 3, 'bongda', 'Bóng đá', '2018-06-30 02:00:43', '0000-00-00 00:00:00', 1),
(5, 3, 'esport', 'Thể thao điện tử', '2018-06-30 02:00:58', '2022-01-08 03:46:32', 1),
(6, 5, 'thoitrang', 'Thời trang', '2018-06-30 11:59:22', '0000-00-00 00:00:00', 1),
(7, 6, 'chungkhoan', 'Chứng khoán', '2018-06-30 12:04:29', '0000-00-00 00:00:00', 1),
(8, 6, 'bds', 'Bất động sản', '2018-06-30 12:04:43', '0000-00-00 00:00:00', 1),
(9, 7, 'diemden', 'Điểm đến', '2018-06-30 12:08:42', '0000-00-00 00:00:00', 1),
(10, 8, 'Vutru', 'Vũ trụ', '2022-01-08 03:53:29', '2022-01-08 03:53:52', 1);

-- --------------------------------------------------------

--
-- Table structure for table `users`
--

CREATE TABLE `users` (
  `id` int(11) NOT NULL,
  `username` varchar(100) DEFAULT NULL COMMENT 'Tên đăng nhập',
  `password` varchar(100) DEFAULT NULL COMMENT 'Mật khẩu đăng nhập',
  `first_name` varchar(100) DEFAULT NULL COMMENT 'Fist name',
  `last_name` varchar(100) DEFAULT NULL COMMENT 'Last name',
  `phone` int(11) DEFAULT NULL COMMENT 'SĐT user',
  `address` varchar(100) DEFAULT NULL COMMENT 'Địa chỉ user',
  `email` varchar(100) DEFAULT NULL COMMENT 'Email của user',
  `avatar` varchar(100) DEFAULT NULL COMMENT 'File ảnh đại diện',
  `jobs` varchar(100) DEFAULT NULL COMMENT 'Nghề nghiệp',
  `last_login` datetime DEFAULT NULL COMMENT 'Lần đăng nhập gần đây nhất',
  `facebook` varchar(100) DEFAULT NULL COMMENT 'Link facebook',
  `status` tinyint(3) DEFAULT 0 COMMENT 'Trạng thái danh mục: 0 - Inactive, 1 - Active',
  `created_at` timestamp NOT NULL DEFAULT current_timestamp() COMMENT 'Ngày tạo',
  `updated_at` datetime DEFAULT NULL COMMENT 'Ngày cập nhật cuối',
  `level` int(10) NOT NULL COMMENT 'quyền hạn: 1 (admin) 2 (Biên tập viên) 3 (Tác giả)'
) ENGINE=InnoDB DEFAULT CHARSET=utf8;

--
-- Dumping data for table `users`
--

INSERT INTO `users` (`id`, `username`, `password`, `first_name`, `last_name`, `phone`, `address`, `email`, `avatar`, `jobs`, `last_login`, `facebook`, `status`, `created_at`, `updated_at`, `level`) VALUES
(1, 'admin', 'e10adc3949ba59abbe56e057f20f883e', NULL, NULL, NULL, NULL, NULL, NULL, NULL, NULL, NULL, 0, '2020-08-29 09:20:57', NULL, 1),
(2, 'quanconghl', 'e10adc3949ba59abbe56e057f20f883e', NULL, NULL, NULL, NULL, NULL, NULL, NULL, NULL, NULL, 1, '2022-01-08 04:10:53', NULL, 2);

--
-- Indexes for dumped tables
--

--
-- Indexes for table `customers`
--
ALTER TABLE `customers`
  ADD PRIMARY KEY (`id`);

--
-- Indexes for table `news`
--
ALTER TABLE `news`
  ADD PRIMARY KEY (`id`);

--
-- Indexes for table `tblcategory`
--
ALTER TABLE `tblcategory`
  ADD PRIMARY KEY (`id`);

--
-- Indexes for table `tblsubcategory`
--
ALTER TABLE `tblsubcategory`
  ADD PRIMARY KEY (`SubCategoryId`);

--
-- Indexes for table `users`
--
ALTER TABLE `users`
  ADD PRIMARY KEY (`id`);

--
-- AUTO_INCREMENT for dumped tables
--

--
-- AUTO_INCREMENT for table `customers`
--
ALTER TABLE `customers`
  MODIFY `id` int(50) NOT NULL AUTO_INCREMENT, AUTO_INCREMENT=2;

--
-- AUTO_INCREMENT for table `news`
--
ALTER TABLE `news`
  MODIFY `id` int(11) NOT NULL AUTO_INCREMENT, AUTO_INCREMENT=15;

--
-- AUTO_INCREMENT for table `tblcategory`
--
ALTER TABLE `tblcategory`
  MODIFY `id` int(11) NOT NULL AUTO_INCREMENT, AUTO_INCREMENT=9;

--
-- AUTO_INCREMENT for table `tblsubcategory`
--
ALTER TABLE `tblsubcategory`
  MODIFY `SubCategoryId` int(11) NOT NULL AUTO_INCREMENT, AUTO_INCREMENT=11;

--
-- AUTO_INCREMENT for table `users`
--
ALTER TABLE `users`
  MODIFY `id` int(11) NOT NULL AUTO_INCREMENT, AUTO_INCREMENT=3;
COMMIT;

/*!40101 SET CHARACTER_SET_CLIENT=@OLD_CHARACTER_SET_CLIENT */;
/*!40101 SET CHARACTER_SET_RESULTS=@OLD_CHARACTER_SET_RESULTS */;
/*!40101 SET COLLATION_CONNECTION=@OLD_COLLATION_CONNECTION */;
